-- phpMyAdmin SQL Dump
-- version 4.7.4
-- https://www.phpmyadmin.net/
--
-- Host: 127.0.0.1
-- Generation Time: 08 Des 2020 pada 12.17
-- Versi Server: 10.1.30-MariaDB
-- PHP Version: 5.6.33

SET SQL_MODE = "NO_AUTO_VALUE_ON_ZERO";
SET AUTOCOMMIT = 0;
START TRANSACTION;
SET time_zone = "+00:00";


/*!40101 SET @OLD_CHARACTER_SET_CLIENT=@@CHARACTER_SET_CLIENT */;
/*!40101 SET @OLD_CHARACTER_SET_RESULTS=@@CHARACTER_SET_RESULTS */;
/*!40101 SET @OLD_COLLATION_CONNECTION=@@COLLATION_CONNECTION */;
/*!40101 SET NAMES utf8mb4 */;

--
-- Database: `perpus`
--

-- --------------------------------------------------------

--
-- Struktur dari tabel `tb_admin`
--

CREATE TABLE `tb_admin` (
  `id_admin` varchar(8) NOT NULL,
  `password` varchar(32) NOT NULL,
  `nama` varchar(30) NOT NULL,
  `alamat` varchar(30) NOT NULL,
  `no_hp` char(13) NOT NULL,
  `img` varchar(50) NOT NULL
) ENGINE=InnoDB DEFAULT CHARSET=latin1;

-- --------------------------------------------------------

--
-- Struktur dari tabel `tb_agama`
--

CREATE TABLE `tb_agama` (
  `id_agama` int(2) NOT NULL,
  `agama` varchar(20) NOT NULL
) ENGINE=InnoDB DEFAULT CHARSET=latin1;

--
-- Dumping data untuk tabel `tb_agama`
--

INSERT INTO `tb_agama` (`id_agama`, `agama`) VALUES
(2, 'Islam'),
(3, 'Protestan'),
(4, 'Budha'),
(5, 'Katholik'),
(6, 'Hindu');

-- --------------------------------------------------------

--
-- Struktur dari tabel `tb_anggota`
--

CREATE TABLE `tb_anggota` (
  `id_anggota` varchar(11) NOT NULL,
  `nama` varchar(100) NOT NULL,
  `id_kelas` int(2) NOT NULL,
  `id_agama` int(2) NOT NULL,
  `jenis_kelamin` enum('L','P') NOT NULL,
  `hp` varchar(15) NOT NULL,
  `alamat` text NOT NULL,
  `ket` text NOT NULL
) ENGINE=InnoDB DEFAULT CHARSET=latin1;

--
-- Dumping data untuk tabel `tb_anggota`
--

INSERT INTO `tb_anggota` (`id_anggota`, `nama`, `id_kelas`, `id_agama`, `jenis_kelamin`, `hp`, `alamat`, `ket`) VALUES
('ANGG000001', 'Nurul', 1, 2, 'P', '044446765', 'Bogor', ''),
('ANGG000002', 'Siti', 2, 2, 'P', '345678909123981', 'Jaksel', ''),
('ANGG000003', 'Andi', 3, 6, 'L', '00555487', 'Bandung', ''),
('ANGG000004', 'Surya', 4, 4, 'L', '09898967', 'Surabaya', '');

-- --------------------------------------------------------

--
-- Struktur dari tabel `tb_buku`
--

CREATE TABLE `tb_buku` (
  `id_buku` char(15) NOT NULL,
  `ISBN` varchar(20) NOT NULL,
  `judul` varchar(100) NOT NULL,
  `id_kategori` int(3) NOT NULL,
  `id_penerbit` int(3) NOT NULL,
  `id_pengarang` int(3) NOT NULL,
  `no_rak` int(2) NOT NULL,
  `thn_terbit` year(4) NOT NULL,
  `stok` int(3) NOT NULL,
  `ket` text NOT NULL
) ENGINE=InnoDB DEFAULT CHARSET=latin1;

--
-- Dumping data untuk tabel `tb_buku`
--

INSERT INTO `tb_buku` (`id_buku`, `ISBN`, `judul`, `id_kategori`, `id_penerbit`, `id_pengarang`, `no_rak`, `thn_terbit`, `stok`, `ket`) VALUES
('1', '9786024251154', 'Perkembangan Teknologi', 1, 1, 4, 1, 2017, 4, ''),
('2', '9786025734052', 'Pergi', 2, 4, 2, 2, 2018, 1, ''),
('3', '9786237345138', 'Nadiem Makarin', 3, 6, 5, 3, 2019, 3, ''),
('4', '9796379635', 'Doraemon Petualangan 12 : Nobita dan Kerajaan Awan', 5, 5, 1, 5, 1996, 2, '');

-- --------------------------------------------------------

--
-- Struktur dari tabel `tb_denda`
--

CREATE TABLE `tb_denda` (
  `id_denda` int(6) NOT NULL,
  `denda` int(6) NOT NULL,
  `status` enum('A','N') NOT NULL
) ENGINE=InnoDB DEFAULT CHARSET=latin1;

--
-- Dumping data untuk tabel `tb_denda`
--

INSERT INTO `tb_denda` (`id_denda`, `denda`, `status`) VALUES
(6, 500, 'A'),
(7, 1000, 'N');

-- --------------------------------------------------------

--
-- Struktur dari tabel `tb_detail_buku`
--

CREATE TABLE `tb_detail_buku` (
  `id_detail_buku` int(11) NOT NULL,
  `id_buku` char(15) NOT NULL,
  `no_buku` int(4) NOT NULL,
  `status` char(1) NOT NULL DEFAULT '0'
) ENGINE=InnoDB DEFAULT CHARSET=latin1;

--
-- Dumping data untuk tabel `tb_detail_buku`
--

INSERT INTO `tb_detail_buku` (`id_detail_buku`, `id_buku`, `no_buku`, `status`) VALUES
(71, '1', 1, '1'),
(72, '1', 2, '0'),
(73, '1', 3, '0'),
(74, '1', 4, '1'),
(75, '1', 5, '0'),
(76, '1', 6, '0'),
(81, '2', 1, '1'),
(82, '3', 1, '0'),
(83, '3', 2, '1'),
(84, '3', 3, '0'),
(85, '4', 2, '1');

-- --------------------------------------------------------

--
-- Struktur dari tabel `tb_detail_pinjam`
--

CREATE TABLE `tb_detail_pinjam` (
  `id_detail_pinjam` int(11) NOT NULL,
  `id_pinjam` int(11) NOT NULL,
  `id_buku` char(15) NOT NULL,
  `no_buku` int(4) NOT NULL,
  `flag` int(1) DEFAULT NULL
) ENGINE=InnoDB DEFAULT CHARSET=latin1;

--
-- Dumping data untuk tabel `tb_detail_pinjam`
--

INSERT INTO `tb_detail_pinjam` (`id_detail_pinjam`, `id_pinjam`, `id_buku`, `no_buku`, `flag`) VALUES
(93, 84, '1', 6, 0),
(94, 85, '1', 5, 0),
(95, 86, '3', 1, 0);

-- --------------------------------------------------------

--
-- Struktur dari tabel `tb_kategori`
--

CREATE TABLE `tb_kategori` (
  `id_kategori` int(3) NOT NULL,
  `kategori` varchar(50) NOT NULL
) ENGINE=InnoDB DEFAULT CHARSET=latin1;

--
-- Dumping data untuk tabel `tb_kategori`
--

INSERT INTO `tb_kategori` (`id_kategori`, `kategori`) VALUES
(1, 'COMPUTER'),
(2, 'NOVEL'),
(3, 'BIOGRAFI'),
(5, 'KOMIK');

-- --------------------------------------------------------

--
-- Struktur dari tabel `tb_kelas`
--

CREATE TABLE `tb_kelas` (
  `id_kelas` int(2) NOT NULL,
  `kelas` varchar(10) NOT NULL
) ENGINE=InnoDB DEFAULT CHARSET=latin1;

--
-- Dumping data untuk tabel `tb_kelas`
--

INSERT INTO `tb_kelas` (`id_kelas`, `kelas`) VALUES
(1, 'SMP'),
(2, 'SMA'),
(3, 'Mahasiswa'),
(4, 'Bekerja');

-- --------------------------------------------------------

--
-- Struktur dari tabel `tb_kembali`
--

CREATE TABLE `tb_kembali` (
  `id_kembali` int(11) NOT NULL,
  `id_pinjam` int(11) NOT NULL,
  `tgl_dikembalikan` date NOT NULL,
  `terlambat` int(2) NOT NULL,
  `id_denda` int(6) NOT NULL,
  `denda` int(11) NOT NULL
) ENGINE=InnoDB DEFAULT CHARSET=latin1;

-- --------------------------------------------------------

--
-- Struktur dari tabel `tb_login`
--

CREATE TABLE `tb_login` (
  `username` varchar(15) NOT NULL,
  `password` varchar(75) NOT NULL,
  `stts` varchar(10) NOT NULL
) ENGINE=InnoDB DEFAULT CHARSET=latin1;

--
-- Dumping data untuk tabel `tb_login`
--

INSERT INTO `tb_login` (`username`, `password`, `stts`) VALUES
('1630511', 'afb91ef692fd08c445e8cb1bab2ccf9c', 'petugas'),
('admin', '21232f297a57a5a743894a0e4a801fc3', 'admin');

-- --------------------------------------------------------

--
-- Struktur dari tabel `tb_penerbit`
--

CREATE TABLE `tb_penerbit` (
  `id_penerbit` int(3) NOT NULL,
  `nama_penerbit` varchar(50) NOT NULL,
  `id_provinsi` int(4) NOT NULL
) ENGINE=InnoDB DEFAULT CHARSET=latin1;

--
-- Dumping data untuk tabel `tb_penerbit`
--

INSERT INTO `tb_penerbit` (`id_penerbit`, `nama_penerbit`, `id_provinsi`) VALUES
(1, 'Raja Grafindo Persada', 1),
(4, 'Republika', 2),
(5, 'Elex Media Komputindo', 7),
(6, 'Andaliman Books', 2);

-- --------------------------------------------------------

--
-- Struktur dari tabel `tb_pengarang`
--

CREATE TABLE `tb_pengarang` (
  `id_pengarang` int(3) NOT NULL,
  `nama_pengarang` varchar(50) NOT NULL
) ENGINE=InnoDB DEFAULT CHARSET=latin1;

--
-- Dumping data untuk tabel `tb_pengarang`
--

INSERT INTO `tb_pengarang` (`id_pengarang`, `nama_pengarang`) VALUES
(1, 'Fujiko F. Fujio'),
(2, 'Tere Liye'),
(4, 'Narudin'),
(5, 'Ardi Darmawan');

-- --------------------------------------------------------

--
-- Struktur dari tabel `tb_petugas`
--

CREATE TABLE `tb_petugas` (
  `id_petugas` char(10) NOT NULL,
  `nama` varchar(100) NOT NULL,
  `img` varchar(50) NOT NULL,
  `jenis_kelamin` enum('L','P') NOT NULL,
  `alamat` text NOT NULL,
  `password` varchar(50) NOT NULL,
  `id_agama` int(2) NOT NULL,
  `hp` varchar(15) NOT NULL,
  `ket` text NOT NULL
) ENGINE=InnoDB DEFAULT CHARSET=latin1;

--
-- Dumping data untuk tabel `tb_petugas`
--

INSERT INTO `tb_petugas` (`id_petugas`, `nama`, `img`, `jenis_kelamin`, `alamat`, `password`, `id_agama`, `hp`, `ket`) VALUES
('1630511', ' sukijan', 'W1IJ42DX9UFZLQGKE05SO8H6YMCBRTN3P7AV.png', 'L', 'jakarta', 'petugas', 3, '0888888', ''),
('admin', 'keldavid', '1FCXGBTW5O4V23UAHNM9DZYSQI60R8J7LKPE.jpg', 'L', 'jakarta barat', 'admin', 2, '055556665', '');

-- --------------------------------------------------------

--
-- Struktur dari tabel `tb_pinjam`
--

CREATE TABLE `tb_pinjam` (
  `id_pinjam` int(11) NOT NULL,
  `tgl_pinjam` date NOT NULL,
  `id_anggota` varchar(11) NOT NULL,
  `tgl_kembali` date NOT NULL,
  `total_buku` int(4) NOT NULL,
  `status` int(1) NOT NULL
) ENGINE=InnoDB DEFAULT CHARSET=latin1;

--
-- Dumping data untuk tabel `tb_pinjam`
--

INSERT INTO `tb_pinjam` (`id_pinjam`, `tgl_pinjam`, `id_anggota`, `tgl_kembali`, `total_buku`, `status`) VALUES
(84, '2020-12-05', 'ANGG000001', '2020-12-17', 1, 0),
(85, '2020-12-05', 'ANGG000003', '2020-12-21', 1, 0),
(86, '2020-12-05', 'ANGG000004', '2021-01-02', 1, 0);

-- --------------------------------------------------------

--
-- Struktur dari tabel `tb_provinsi`
--

CREATE TABLE `tb_provinsi` (
  `id_provinsi` int(2) NOT NULL,
  `nama_provinsi` varchar(50) NOT NULL,
  `kota` varchar(50) NOT NULL
) ENGINE=InnoDB DEFAULT CHARSET=latin1;

--
-- Dumping data untuk tabel `tb_provinsi`
--

INSERT INTO `tb_provinsi` (`id_provinsi`, `nama_provinsi`, `kota`) VALUES
(1, 'Sumatera Selatan', 'Palembang'),
(2, 'D.I.Y Yogyakarta', 'Yogya'),
(4, 'Jambi', 'Jambi Kota'),
(6, 'Pekan Baru', 'Riau'),
(7, 'Jakarta', 'Jakarta'),
(8, 'Jawa Barat', 'Bandung');

-- --------------------------------------------------------

--
-- Struktur dari tabel `tb_rak`
--

CREATE TABLE `tb_rak` (
  `no_rak` int(2) NOT NULL,
  `nama_rak` varchar(50) NOT NULL,
  `id_kategori` int(3) NOT NULL
) ENGINE=InnoDB DEFAULT CHARSET=latin1;

--
-- Dumping data untuk tabel `tb_rak`
--

INSERT INTO `tb_rak` (`no_rak`, `nama_rak`, `id_kategori`) VALUES
(1, '1-150 CMT', 1),
(2, '150-300 NVL', 2),
(3, '300-370 BGF', 3),
(5, '500-567 KMK', 5);

-- --------------------------------------------------------

--
-- Struktur dari tabel `test`
--

CREATE TABLE `test` (
  `kode` varchar(12) NOT NULL,
  `nama` varchar(100) NOT NULL,
  `mboh` varchar(100) NOT NULL
) ENGINE=InnoDB DEFAULT CHARSET=latin1;

--
-- Dumping data untuk tabel `test`
--

INSERT INTO `test` (`kode`, `nama`, `mboh`) VALUES
('', 'ari', ''),
('Kode000001', 'ari2', ''),
('Kode000002', 'ari2', ''),
('Kode000003', 'Ariandi AS', '');

--
-- Indexes for dumped tables
--

--
-- Indexes for table `tb_admin`
--
ALTER TABLE `tb_admin`
  ADD PRIMARY KEY (`id_admin`),
  ADD KEY `id_admin` (`id_admin`,`password`,`nama`,`alamat`,`no_hp`),
  ADD KEY `id_admin_2` (`id_admin`,`password`,`nama`,`alamat`,`no_hp`,`img`);

--
-- Indexes for table `tb_agama`
--
ALTER TABLE `tb_agama`
  ADD PRIMARY KEY (`id_agama`);

--
-- Indexes for table `tb_anggota`
--
ALTER TABLE `tb_anggota`
  ADD PRIMARY KEY (`id_anggota`),
  ADD KEY `id_agama` (`id_agama`),
  ADD KEY `id_kelas` (`id_kelas`);

--
-- Indexes for table `tb_buku`
--
ALTER TABLE `tb_buku`
  ADD PRIMARY KEY (`id_buku`),
  ADD KEY `id_kategori` (`id_kategori`),
  ADD KEY `id_penerbit` (`id_penerbit`),
  ADD KEY `id_pengarang` (`id_pengarang`),
  ADD KEY `no_rak` (`no_rak`),
  ADD KEY `id_buku` (`id_buku`,`ISBN`,`judul`,`id_kategori`,`id_penerbit`,`id_pengarang`,`no_rak`,`thn_terbit`,`stok`);

--
-- Indexes for table `tb_denda`
--
ALTER TABLE `tb_denda`
  ADD PRIMARY KEY (`id_denda`);

--
-- Indexes for table `tb_detail_buku`
--
ALTER TABLE `tb_detail_buku`
  ADD KEY `id_detail_buku` (`id_detail_buku`,`id_buku`,`no_buku`,`status`),
  ADD KEY `id_buku` (`id_buku`);

--
-- Indexes for table `tb_detail_pinjam`
--
ALTER TABLE `tb_detail_pinjam`
  ADD PRIMARY KEY (`id_detail_pinjam`),
  ADD KEY `id_anggota` (`id_pinjam`),
  ADD KEY `id_detail_pinjam` (`id_detail_pinjam`,`id_pinjam`,`id_buku`,`no_buku`),
  ADD KEY `id_buku` (`id_buku`);

--
-- Indexes for table `tb_kategori`
--
ALTER TABLE `tb_kategori`
  ADD PRIMARY KEY (`id_kategori`);

--
-- Indexes for table `tb_kelas`
--
ALTER TABLE `tb_kelas`
  ADD PRIMARY KEY (`id_kelas`);

--
-- Indexes for table `tb_kembali`
--
ALTER TABLE `tb_kembali`
  ADD PRIMARY KEY (`id_kembali`),
  ADD KEY `id_detail` (`id_pinjam`),
  ADD KEY `id_kembali` (`id_kembali`,`id_pinjam`,`tgl_dikembalikan`,`terlambat`,`id_denda`);

--
-- Indexes for table `tb_login`
--
ALTER TABLE `tb_login`
  ADD PRIMARY KEY (`username`),
  ADD KEY `username` (`username`,`password`,`stts`);

--
-- Indexes for table `tb_penerbit`
--
ALTER TABLE `tb_penerbit`
  ADD PRIMARY KEY (`id_penerbit`),
  ADD KEY `id_penerbit` (`id_penerbit`,`nama_penerbit`,`id_provinsi`),
  ADD KEY `id_provinsi` (`id_provinsi`);

--
-- Indexes for table `tb_pengarang`
--
ALTER TABLE `tb_pengarang`
  ADD PRIMARY KEY (`id_pengarang`);

--
-- Indexes for table `tb_petugas`
--
ALTER TABLE `tb_petugas`
  ADD PRIMARY KEY (`id_petugas`),
  ADD KEY `id_agama` (`id_agama`);

--
-- Indexes for table `tb_pinjam`
--
ALTER TABLE `tb_pinjam`
  ADD PRIMARY KEY (`id_pinjam`),
  ADD KEY `id_detail` (`tgl_kembali`),
  ADD KEY `id_buku` (`id_anggota`),
  ADD KEY `id_pinjam` (`id_pinjam`,`tgl_pinjam`,`id_anggota`,`tgl_kembali`,`total_buku`);

--
-- Indexes for table `tb_provinsi`
--
ALTER TABLE `tb_provinsi`
  ADD PRIMARY KEY (`id_provinsi`);

--
-- Indexes for table `tb_rak`
--
ALTER TABLE `tb_rak`
  ADD PRIMARY KEY (`no_rak`),
  ADD KEY `id_kategori` (`id_kategori`);

--
-- AUTO_INCREMENT for dumped tables
--

--
-- AUTO_INCREMENT for table `tb_agama`
--
ALTER TABLE `tb_agama`
  MODIFY `id_agama` int(2) NOT NULL AUTO_INCREMENT, AUTO_INCREMENT=7;

--
-- AUTO_INCREMENT for table `tb_denda`
--
ALTER TABLE `tb_denda`
  MODIFY `id_denda` int(6) NOT NULL AUTO_INCREMENT, AUTO_INCREMENT=8;

--
-- AUTO_INCREMENT for table `tb_detail_buku`
--
ALTER TABLE `tb_detail_buku`
  MODIFY `id_detail_buku` int(11) NOT NULL AUTO_INCREMENT, AUTO_INCREMENT=86;

--
-- AUTO_INCREMENT for table `tb_detail_pinjam`
--
ALTER TABLE `tb_detail_pinjam`
  MODIFY `id_detail_pinjam` int(11) NOT NULL AUTO_INCREMENT, AUTO_INCREMENT=96;

--
-- AUTO_INCREMENT for table `tb_kategori`
--
ALTER TABLE `tb_kategori`
  MODIFY `id_kategori` int(3) NOT NULL AUTO_INCREMENT, AUTO_INCREMENT=6;

--
-- AUTO_INCREMENT for table `tb_kelas`
--
ALTER TABLE `tb_kelas`
  MODIFY `id_kelas` int(2) NOT NULL AUTO_INCREMENT, AUTO_INCREMENT=5;

--
-- AUTO_INCREMENT for table `tb_kembali`
--
ALTER TABLE `tb_kembali`
  MODIFY `id_kembali` int(11) NOT NULL AUTO_INCREMENT;

--
-- AUTO_INCREMENT for table `tb_penerbit`
--
ALTER TABLE `tb_penerbit`
  MODIFY `id_penerbit` int(3) NOT NULL AUTO_INCREMENT, AUTO_INCREMENT=7;

--
-- AUTO_INCREMENT for table `tb_pengarang`
--
ALTER TABLE `tb_pengarang`
  MODIFY `id_pengarang` int(3) NOT NULL AUTO_INCREMENT, AUTO_INCREMENT=6;

--
-- AUTO_INCREMENT for table `tb_pinjam`
--
ALTER TABLE `tb_pinjam`
  MODIFY `id_pinjam` int(11) NOT NULL AUTO_INCREMENT, AUTO_INCREMENT=87;

--
-- AUTO_INCREMENT for table `tb_provinsi`
--
ALTER TABLE `tb_provinsi`
  MODIFY `id_provinsi` int(2) NOT NULL AUTO_INCREMENT, AUTO_INCREMENT=9;

--
-- AUTO_INCREMENT for table `tb_rak`
--
ALTER TABLE `tb_rak`
  MODIFY `no_rak` int(2) NOT NULL AUTO_INCREMENT, AUTO_INCREMENT=6;

--
-- Ketidakleluasaan untuk tabel pelimpahan (Dumped Tables)
--

--
-- Ketidakleluasaan untuk tabel `tb_anggota`
--
ALTER TABLE `tb_anggota`
  ADD CONSTRAINT `tb_anggota_ibfk_1` FOREIGN KEY (`id_agama`) REFERENCES `tb_agama` (`id_agama`) ON DELETE CASCADE ON UPDATE CASCADE,
  ADD CONSTRAINT `tb_anggota_ibfk_2` FOREIGN KEY (`id_kelas`) REFERENCES `tb_kelas` (`id_kelas`) ON DELETE CASCADE ON UPDATE CASCADE;

--
-- Ketidakleluasaan untuk tabel `tb_buku`
--
ALTER TABLE `tb_buku`
  ADD CONSTRAINT `tb_buku_ibfk_1` FOREIGN KEY (`id_kategori`) REFERENCES `tb_kategori` (`id_kategori`) ON DELETE CASCADE ON UPDATE CASCADE,
  ADD CONSTRAINT `tb_buku_ibfk_2` FOREIGN KEY (`id_penerbit`) REFERENCES `tb_penerbit` (`id_penerbit`) ON DELETE CASCADE ON UPDATE CASCADE,
  ADD CONSTRAINT `tb_buku_ibfk_3` FOREIGN KEY (`id_pengarang`) REFERENCES `tb_pengarang` (`id_pengarang`) ON DELETE CASCADE ON UPDATE CASCADE,
  ADD CONSTRAINT `tb_buku_ibfk_4` FOREIGN KEY (`no_rak`) REFERENCES `tb_rak` (`no_rak`) ON DELETE CASCADE ON UPDATE CASCADE;

--
-- Ketidakleluasaan untuk tabel `tb_detail_buku`
--
ALTER TABLE `tb_detail_buku`
  ADD CONSTRAINT `tb_detail_buku_ibfk_1` FOREIGN KEY (`id_buku`) REFERENCES `tb_buku` (`id_buku`) ON DELETE CASCADE ON UPDATE CASCADE;

--
-- Ketidakleluasaan untuk tabel `tb_detail_pinjam`
--
ALTER TABLE `tb_detail_pinjam`
  ADD CONSTRAINT `tb_detail_pinjam_ibfk_1` FOREIGN KEY (`id_pinjam`) REFERENCES `tb_pinjam` (`id_pinjam`) ON DELETE CASCADE ON UPDATE CASCADE,
  ADD CONSTRAINT `tb_detail_pinjam_ibfk_2` FOREIGN KEY (`id_buku`) REFERENCES `tb_buku` (`id_buku`) ON DELETE CASCADE ON UPDATE CASCADE;

--
-- Ketidakleluasaan untuk tabel `tb_kembali`
--
ALTER TABLE `tb_kembali`
  ADD CONSTRAINT `tb_kembali_ibfk_1` FOREIGN KEY (`id_pinjam`) REFERENCES `tb_pinjam` (`id_pinjam`) ON DELETE CASCADE ON UPDATE CASCADE;

--
-- Ketidakleluasaan untuk tabel `tb_penerbit`
--
ALTER TABLE `tb_penerbit`
  ADD CONSTRAINT `tb_penerbit_ibfk_1` FOREIGN KEY (`id_provinsi`) REFERENCES `tb_provinsi` (`id_provinsi`) ON DELETE CASCADE ON UPDATE CASCADE;

--
-- Ketidakleluasaan untuk tabel `tb_petugas`
--
ALTER TABLE `tb_petugas`
  ADD CONSTRAINT `tb_petugas_ibfk_1` FOREIGN KEY (`id_agama`) REFERENCES `tb_agama` (`id_agama`) ON DELETE CASCADE ON UPDATE CASCADE;

--
-- Ketidakleluasaan untuk tabel `tb_pinjam`
--
ALTER TABLE `tb_pinjam`
  ADD CONSTRAINT `tb_pinjam_ibfk_1` FOREIGN KEY (`id_anggota`) REFERENCES `tb_anggota` (`id_anggota`) ON DELETE CASCADE ON UPDATE CASCADE;

--
-- Ketidakleluasaan untuk tabel `tb_rak`
--
ALTER TABLE `tb_rak`
  ADD CONSTRAINT `tb_rak_ibfk_1` FOREIGN KEY (`id_kategori`) REFERENCES `tb_kategori` (`id_kategori`) ON DELETE CASCADE ON UPDATE CASCADE;
COMMIT;

/*!40101 SET CHARACTER_SET_CLIENT=@OLD_CHARACTER_SET_CLIENT */;
/*!40101 SET CHARACTER_SET_RESULTS=@OLD_CHARACTER_SET_RESULTS */;
/*!40101 SET COLLATION_CONNECTION=@OLD_COLLATION_CONNECTION */;
